{
    "ada": 0.4585,
    "apex": 2.5031,
    "bonk": 2.66259e-05,
    "btc": 64103.91,
    "doge": 0.16151,
    "eth": 3142.51,
    "mnt": 1.0683,
    "near": 7.4839,
    "ondo": 0.86004,
    "op": 2.9095,
    "pepe": 8.6381e-06,
    "sol": 146.09,
    "steth": 3140.62,
    "ton": 5.9619,
    "usdc": 0.9999,
    "w": 0.6789,
    "xrp": 0.5307,
    "zeta": 1.7431
}