{
    "btc": 64083.55,
    "eth": 3141.41,
    "htx": 1.399e-06,
    "trx": 0.121137,
    "doge": 0.161375,
    "sol": 146.0482,
    "pepe": 8.591144e-06,
    "ton": 5.9622,
    "atom": 9.3055,
    "core": 1.963197,
    "dot": 7.2927,
    "maneki": 0.009552,
    "fil": 6.1443,
    "shib": 2.478e-05,
    "bome": 0.010915
}