{
    "eth": 3140.21,
    "eos": 0.8228,
    "ltc": 81.39,
    "bsv": 64.85,
    "bch": 469.3,
    "btc": 64093.7,
    "btt": 1.259e-06,
    "okb": 51.4,
    "qtum": 3.767,
    "ctxc": 0.3568,
    "nuls": 0.6487,
    "lrc": 0.261,
    "iota": 0.228,
    "ont": 0.3669,
    "mdt": 0.07844,
    "iost": 0.009361,
    "elf": 0.5612,
    "trx": 0.12109,
    "zero": 0.0,
    "zent": 0.0,
    "runecoin": 0.0138,
    "msn": 1.498,
    "safe": 1.719,
    "merl": 0.5439,
    "prcl": 0.433,
    "zbcn": 0.002264,
    "wif": 3.236,
    "mew": 0.004455,
    "foxy": 0.0142749,
    "block": 0.10724,
    "tnsr": 0.899,
    "zeus": 0.4499,
    "w": 0.6765,
    "venom": 0.3315,
    "zk": 1.224,
    "ethfi": 4.122,
    "aevo": 1.436,
    "gpt": 0.424,
    "sln": 2.266,
    "zeta": 1.7436,
    "jup": 1.0691,
    "dmail": 0.5284,
    "ice": 0.005155,
    "bonk": 2.6501e-05,
    "jto": 3.594,
    "arty": 0.8698,
    "avive": 0.01078,
    "sats": 2.753e-07,
    "inj": 24.221,
    "fet": 2.3747,
    "agix": 0.9773,
    "pyth": 0.5579,
    "tia": 10.249,
    "spurs": 2.561,
    "bigtime": 0.1876,
    "wsm": 0.00609,
    "jpg": 0.0108,
    "lbr": 0.2138,
    "rndr": 9.954,
    "wld": 5.744,
    "steth": 3138.36,
    "fxs": 4.443,
    "omn": 0.004877,
    "sswp": 0.000929,
    "turbo": 0.0006903,
    "ordi": 40.215,
    "lhinu": 1.092e-05,
    "cetus": 0.10638,
    "sui": 1.0975,
    "pepe": 8.574e-06,
    "aidoge": 4.277e-10,
    "bone": 0.6166,
    "ach": 0.02994,
    "lqty": 1.079,
    "gal": 3.729,
    "id": 0.7745,
    "wifi": 0.0926,
    "myria": 0.006728,
    "vela": 0.5173,
    "arb": 1.0719,
    "rdnt": 0.1973,
    "velodrome": 0.159,
    "rpl": 20.93,
    "ssv": 44.81,
    "goal": 0.0606,
    "radar": 0.00745,
    "igu": 0.0215,
    "blur": 0.4067,
    "gft": 0.01789,
    "core": 1.9615,
    "flr": 0.03079,
    "gmx": 25.94,
    "gear": 0.01922,
    "bnb": 592.9,
    "floki": 0.00018847,
    "oas": 0.06182,
    "kcal": 0.1053,
    "mrst": 0.002248,
    "ceek": 0.05675,
    "apt": 9.251,
    "tama": 0.00444,
    "city": 3.12,
    "mengo": 0.5325,
    "arg": 1.859,
    "por": 2.791,
    "ethw": 3.887,
    "ling": 0.003956,
    "sweat": 0.009044,
    "skeb": 0.001408,
    "ldo": 2.024,
    "azy": 0.00719,
    "xaut": 2294.8,
    "movez": 0.00059,
    "op": 2.8973,
    "luna": 0.6368,
    "taki": 0.023,
    "fitfi": 0.007281,
    "nym": 0.1768,
    "gmt": 0.2275,
    "t": 0.03772,
    "bora": 0.155,
    "pci": 0.1417,
    "brwl": 0.008506,
    "pit": 7.31e-10,
    "milo": 2.218e-08,
    "orb": 0.05937,
    "ape": 1.264,
    "sd": 0.7036,
    "pstake": 0.07981,
    "magic": 0.7909,
    "rss3": 0.3784,
    "waxp": 0.06617,
    "metis": 62.24,
    "joe": 0.5223,
    "ron": 2.814,
    "aca": 0.1184,
    "gari": 0.02659,
    "astr": 0.09827,
    "looks": 0.08789,
    "glmr": 0.3101,
    "one": 0.02019,
    "kda": 0.9168,
    "ar": 40.612,
    "beth": 3137.9,
    "gog": 0.2571,
    "thg": 0.059,
    "ast": 0.1468,
    "ray": 1.6853,
    "sis": 0.345,
    "woo": 0.3114,
    "movr": 13.787,
    "raca": 0.0002315,
    "win": 0.000123,
    "bico": 0.4748,
    "cvx": 2.609,
    "alcx": 24.97,
    "people": 0.02669,
    "boring": 0.003368,
    "blok": 0.001513,
    "ton": 5.949,
    "nft": 4.736e-07,
    "ens": 15.751,
    "polydoge": 9.26e-09,
    "imx": 2.2465,
    "samo": 0.008054,
    "leash": 400.2,
    "ustc": 0.0224,
    "dose": 0.0056,
    "gods": 0.2341,
    "starl": 2.963e-06,
    "elon": 1.907e-07,
    "spell": 0.0008755,
    "tup": 0.02056,
    "lith": 0.00136,
    "gala": 0.0464,
    "cgl": 0.006454,
    "dydx": 2.268,
    "ilv": 99.04,
    "agld": 1.065,
    "revv": 0.00913,
    "ern": 4.477,
    "slp": 0.00408,
    "wncg": 0.0677,
    "babydoge": 1.878e-09,
    "omi": 0.0005964,
    "clv": 0.07475,
    "ygg": 0.866,
    "axs": 7.503,
    "cfg": 0.6968,
    "cqt": 0.2016,
    "bzz": 0.465,
    "mina": 0.8511,
    "kishu": 4.23e-10,
    "akita": 1.808e-07,
    "strk": 1.3635,
    "lat": 0.01108,
    "cspr": 0.02964,
    "icp": 13.015,
    "shib": 2.4785e-05,
    "xch": 32.75,
    "vra": 0.005884,
    "forth": 4.378,
    "dao": 0.894,
    "cel": 0.5595,
    "tra": 1.031,
    "galft": 2.206,
    "auction": 16.699,
    "lpt": 15.09,
    "matic": 0.7336,
    "celr": 0.02615,
    "skl": 0.07974,
    "conv": 0.00077,
    "dora": 0.1446,
    "enj": 0.3086,
    "sand": 0.4529,
    "kine": 0.1588,
    "perp": 1.0785,
    "velo": 0.019639,
    "stx": 2.3062,
    "alpha": 0.1121,
    "chz": 0.1215,
    "cfx": 0.2318,
    "mask": 3.37,
    "lunc": 0.00011316,
    "flow": 0.9135,
    "prq": 0.1245,
    "pha": 0.1988,
    "pols": 0.7519,
    "mxc": 0.01394,
    "okt": 13.69,
    "badger": 4.447,
    "xpr": 0.001111,
    "1inch": 0.3911,
    "lon": 0.8838,
    "grt": 0.2931,
    "api3": 2.458,
    "kp3r": 73.46,
    "near": 7.492,
    "fil": 6.142,
    "xec": 5.025e-05,
    "dcr": 21.69,
    "cvc": 0.1717,
    "celo": 0.8168,
    "ctc": 0.6784,
    "orbs": 0.03552,
    "xno": 1.253,
    "glm": 0.6214,
    "lsk": 1.912,
    "ghst": 1.852,
    "meme": 0.0262,
    "mana": 0.4484,
    "lamb": 0.00706,
    "egld": 41.71,
    "sol": 145.99,
    "flm": 0.09539,
    "avax": 37.333,
    "algo": 0.1966,
    "rio": 1.8,
    "uni": 7.594,
    "front": 1.1512,
    "hbar": 0.11069,
    "wbtc": 63947.0,
    "sun": 0.013978,
    "rep": 0.919,
    "mln": 22.6,
    "nmr": 26.6,
    "klay": 0.1835,
    "sushi": 1.0711,
    "uma": 2.778,
    "trb": 90.8,
    "ksm": 29.01,
    "yfi": 7062.0,
    "rsr": 0.007107,
    "ren": 0.06235,
    "jst": 0.03262,
    "band": 1.525,
    "dai": 0.9999,
    "om": 0.7784,
    "dia": 0.5269,
    "bnt": 0.7067,
    "ant": 7.986,
    "crv": 0.4474,
    "iq": 0.01039,
    "leo": 5.836,
    "wxt": 0.006276,
    "ftm": 0.7126,
    "dot": 7.298,
    "bal": 3.633,
    "aergo": 0.1321,
    "aave": 90.14,
    "utk": 0.0878,
    "usdc": 1.0,
    "storj": 0.5426,
    "snx": 2.841,
    "snt": 0.04122,
    "sc": 0.007301,
    "comp": 57.99,
    "gas": 5.183,
    "apm": 0.00516,
    "doge": 0.16123,
    "atom": 9.312,
    "bat": 0.249,
    "xlm": 0.11096,
    "icx": 0.2288,
    "ada": 0.4586,
    "zrx": 0.5043,
    "etc": 27.71,
    "omg": 0.6648,
    "knc": 0.6016,
    "link": 14.377,
    "xem": 0.03948,
    "cro": 0.13269,
    "xtz": 0.9645,
    "neo": 16.718,
    "oxt": 0.1026,
    "xrp": 0.5301,
    "usdt": 1.0005,
    "dep": 0.001641,
    "dgb": 0.011398,
    "em": 0.000769,
    "rvn": 0.031,
    "kan": 0.000955,
    "zil": 0.02484,
    "mkr": 2906.3,
    "stc": 0.3178,
    "theta": 2.2456,
    "ace": 5.291,
    "swftc": 0.004963,
    "let": 0.001923
}